מה שווי המוצר לדעתך?,מה שווי המוצר לדעתך?_1,מה שווי המוצר לדעתך?_2,בחר\י_5,בחר\י_6,בחר\י_7,בחר\י_8,בחר\י_9,בחר\י_10,בחר\י_11,בחר\י_12,בחר\י_13
"140 ש""ח","80 ש""ח","40 ש""ח","מעלה ב 10 ש""ח","מעלה ב 10 ש""ח","מעלה ב 10 ש""ח",פורש\ת,,"מעלה ב 10 ש""ח",פורש\ת,,
"140 ש""ח","80 ש""ח","100 ש""ח","מעלה ב 10 ש""ח","מעלה ב 10 ש""ח","מעלה ב 10 ש""ח",פורש\ת,,"מעלה ב 10 ש""ח","מעלה ב 10 ש""ח","מעלה ב 10 ש""ח","מעלה ב 10 ש""ח"
"160 ש""ח","80 ש""ח","40 ש""ח",פורש\ת,"מעלה ב 10 ש""ח","מעלה ב 10 ש""ח","מעלה ב 10 ש""ח",פורש\ת,"מעלה ב 10 ש""ח","מעלה ב 10 ש""ח","מעלה ב 10 ש""ח",פורש\ת
"140 ש""ח","90 ש""ח","60 ש""ח",פורש\ת,פורש\ת,,,,"מעלה ב 10 ש""ח",פורש\ת,,
"120 ש""ח","70 ש""ח","100 ש""ח","מעלה ב 10 ש""ח","מעלה ב 10 ש""ח","מעלה ב 10 ש""ח",פורש\ת,,"מעלה ב 10 ש""ח","מעלה ב 10 ש""ח","מעלה ב 10 ש""ח","מעלה ב 10 ש""ח"
"120 ש""ח","70 ש""ח","40 ש""ח","מעלה ב 10 ש""ח",פורש\ת,,,,"מעלה ב 10 ש""ח","מעלה ב 10 ש""ח","מעלה ב 10 ש""ח",פורש\ת
"120 ש""ח","80 ש""ח","60 ש""ח",פורש\ת,"מעלה ב 10 ש""ח",פורש\ת,,,"מעלה ב 10 ש""ח","מעלה ב 10 ש""ח",פורש\ת,
"120 ש""ח","70 ש""ח","60 ש""ח","מעלה ב 10 ש""ח","מעלה ב 10 ש""ח","מעלה ב 10 ש""ח",פורש\ת,,"מעלה ב 10 ש""ח",פורש\ת,,
"140 ש""ח","90 ש""ח","80 ש""ח","מעלה ב 10 ש""ח","מעלה ב 10 ש""ח",פורש\ת,,,"מעלה ב 10 ש""ח","מעלה ב 10 ש""ח","מעלה ב 10 ש""ח",פורש\ת
"180 ש""ח","80 ש""ח","40 ש""ח","מעלה ב 10 ש""ח","מעלה ב 10 ש""ח","מעלה ב 10 ש""ח",פורש\ת,,"מעלה ב 10 ש""ח","מעלה ב 10 ש""ח",פורש\ת,
"120 ש""ח","70 ש""ח","60 ש""ח","מעלה ב 10 ש""ח","מעלה ב 10 ש""ח",פורש\ת,,,"מעלה ב 10 ש""ח","מעלה ב 10 ש""ח","מעלה ב 10 ש""ח","מעלה ב 10 ש""ח"
"120 ש""ח","90 ש""ח","80 ש""ח","מעלה ב 10 ש""ח","מעלה ב 10 ש""ח","מעלה ב 10 ש""ח","מעלה ב 10 ש""ח",פורש\ת,"מעלה ב 10 ש""ח","מעלה ב 10 ש""ח","מעלה ב 10 ש""ח","מעלה ב 10 ש""ח"
"120 ש""ח","90 ש""ח","100 ש""ח",פורש\ת,"מעלה ב 10 ש""ח","מעלה ב 10 ש""ח","מעלה ב 10 ש""ח",פורש\ת,"מעלה ב 10 ש""ח","מעלה ב 10 ש""ח","מעלה ב 10 ש""ח","מעלה ב 10 ש""ח"
"120 ש""ח","80 ש""ח","100 ש""ח",פורש\ת,"מעלה ב 10 ש""ח",פורש\ת,,,"מעלה ב 10 ש""ח","מעלה ב 10 ש""ח","מעלה ב 10 ש""ח",פורש\ת
"120 ש""ח","80 ש""ח","80 ש""ח","מעלה ב 10 ש""ח","מעלה ב 10 ש""ח","מעלה ב 10 ש""ח",פורש\ת,,"מעלה ב 10 ש""ח","מעלה ב 10 ש""ח","מעלה ב 10 ש""ח","מעלה ב 10 ש""ח"
"120 ש""ח","70 ש""ח","80 ש""ח","מעלה ב 10 ש""ח","מעלה ב 10 ש""ח","מעלה ב 10 ש""ח",פורש\ת,,"מעלה ב 10 ש""ח","מעלה ב 10 ש""ח","מעלה ב 10 ש""ח","מעלה ב 10 ש""ח"
"120 ש""ח","90 ש""ח","80 ש""ח","מעלה ב 10 ש""ח","מעלה ב 10 ש""ח","מעלה ב 10 ש""ח",פורש\ת,,"מעלה ב 10 ש""ח","מעלה ב 10 ש""ח",פורש\ת,
"120 ש""ח","70 ש""ח","60 ש""ח","מעלה ב 10 ש""ח","מעלה ב 10 ש""ח","מעלה ב 10 ש""ח",פורש\ת,,"מעלה ב 10 ש""ח","מעלה ב 10 ש""ח",פורש\ת,
"140 ש""ח","80 ש""ח","60 ש""ח","מעלה ב 10 ש""ח","מעלה ב 10 ש""ח","מעלה ב 10 ש""ח",פורש\ת,,"מעלה ב 10 ש""ח","מעלה ב 10 ש""ח","מעלה ב 10 ש""ח","מעלה ב 10 ש""ח"
"120 ש""ח","70 ש""ח","40 ש""ח","מעלה ב 10 ש""ח",פורש\ת,,,,"מעלה ב 10 ש""ח","מעלה ב 10 ש""ח",פורש\ת,
"160 ש""ח","100 ש""ח","100 ש""ח",פורש\ת,פורש\ת,,,,פורש\ת,,,
"120 ש""ח","80 ש""ח","40 ש""ח","מעלה ב 10 ש""ח","מעלה ב 10 ש""ח","מעלה ב 10 ש""ח","מעלה ב 10 ש""ח",פורש\ת,"מעלה ב 10 ש""ח",פורש\ת,,
"180 ש""ח","80 ש""ח","80 ש""ח","מעלה ב 10 ש""ח","מעלה ב 10 ש""ח","מעלה ב 10 ש""ח","מעלה ב 10 ש""ח","מעלה ב 10 ש""ח","מעלה ב 10 ש""ח","מעלה ב 10 ש""ח",פורש\ת,
"140 ש""ח","70 ש""ח","100 ש""ח","מעלה ב 10 ש""ח",פורש\ת,,,,"מעלה ב 10 ש""ח","מעלה ב 10 ש""ח","מעלה ב 10 ש""ח","מעלה ב 10 ש""ח"
"120 ש""ח","90 ש""ח","80 ש""ח",פורש\ת,"מעלה ב 10 ש""ח","מעלה ב 10 ש""ח",פורש\ת,,"מעלה ב 10 ש""ח","מעלה ב 10 ש""ח","מעלה ב 10 ש""ח","מעלה ב 10 ש""ח"
"120 ש""ח","80 ש""ח","40 ש""ח","מעלה ב 10 ש""ח","מעלה ב 10 ש""ח",פורש\ת,,,"מעלה ב 10 ש""ח",,פורש\ת,
"140 ש""ח","90 ש""ח","80 ש""ח","מעלה ב 10 ש""ח","מעלה ב 10 ש""ח","מעלה ב 10 ש""ח","מעלה ב 10 ש""ח",פורש\ת,"מעלה ב 10 ש""ח","מעלה ב 10 ש""ח","מעלה ב 10 ש""ח",פורש\ת
"140 ש""ח","80 ש""ח","100 ש""ח","מעלה ב 10 ש""ח","מעלה ב 10 ש""ח",פורש\ת,,,"מעלה ב 10 ש""ח","מעלה ב 10 ש""ח","מעלה ב 10 ש""ח",פורש\ת
"120 ש""ח","80 ש""ח","60 ש""ח","מעלה ב 10 ש""ח","מעלה ב 10 ש""ח","מעלה ב 10 ש""ח",פורש\ת,,"מעלה ב 10 ש""ח","מעלה ב 10 ש""ח","מעלה ב 10 ש""ח","מעלה ב 10 ש""ח"
"180 ש""ח","80 ש""ח","60 ש""ח","מעלה ב 10 ש""ח","מעלה ב 10 ש""ח",פורש\ת,,,"מעלה ב 10 ש""ח","מעלה ב 10 ש""ח","מעלה ב 10 ש""ח",פורש\ת
"120 ש""ח","80 ש""ח","80 ש""ח","מעלה ב 10 ש""ח",פורש\ת,,,,"מעלה ב 10 ש""ח","מעלה ב 10 ש""ח","מעלה ב 10 ש""ח","מעלה ב 10 ש""ח"
"180 ש""ח","80 ש""ח","80 ש""ח","מעלה ב 10 ש""ח","מעלה ב 10 ש""ח","מעלה ב 10 ש""ח","מעלה ב 10 ש""ח",פורש\ת,"מעלה ב 10 ש""ח","מעלה ב 10 ש""ח","מעלה ב 10 ש""ח","מעלה ב 10 ש""ח"
"180 ש""ח","80 ש""ח","100 ש""ח","מעלה ב 10 ש""ח","מעלה ב 10 ש""ח","מעלה ב 10 ש""ח","מעלה ב 10 ש""ח",פורש\ת,"מעלה ב 10 ש""ח","מעלה ב 10 ש""ח","מעלה ב 10 ש""ח","מעלה ב 10 ש""ח"
"120 ש""ח","80 ש""ח","40 ש""ח",פורש\ת,"מעלה ב 10 ש""ח","מעלה ב 10 ש""ח",פורש\ת,,פורש\ת,,,
"120 ש""ח","80 ש""ח","60 ש""ח","מעלה ב 10 ש""ח","מעלה ב 10 ש""ח",פורש\ת,,,"מעלה ב 10 ש""ח","מעלה ב 10 ש""ח",פורש\ת,
"120 ש""ח","70 ש""ח","80 ש""ח",פורש\ת,"מעלה ב 10 ש""ח","מעלה ב 10 ש""ח",פורש\ת,,"מעלה ב 10 ש""ח","מעלה ב 10 ש""ח","מעלה ב 10 ש""ח",פורש\ת
"180 ש""ח","70 ש""ח","80 ש""ח","מעלה ב 10 ש""ח",פורש\ת,,,,"מעלה ב 10 ש""ח","מעלה ב 10 ש""ח","מעלה ב 10 ש""ח","מעלה ב 10 ש""ח"
"120 ש""ח","90 ש""ח","40 ש""ח","מעלה ב 10 ש""ח","מעלה ב 10 ש""ח","מעלה ב 10 ש""ח","מעלה ב 10 ש""ח","מעלה ב 10 ש""ח","מעלה ב 10 ש""ח","מעלה ב 10 ש""ח","מעלה ב 10 ש""ח","מעלה ב 10 ש""ח"
"120 ש""ח","90 ש""ח","60 ש""ח",פורש\ת,"מעלה ב 10 ש""ח",פורש\ת,,,פורש\ת,,,
"160 ש""ח","70 ש""ח","40 ש""ח","מעלה ב 10 ש""ח","מעלה ב 10 ש""ח","מעלה ב 10 ש""ח",פורש\ת,,"מעלה ב 10 ש""ח",פורש\ת,,
"120 ש""ח","70 ש""ח","60 ש""ח","מעלה ב 10 ש""ח","מעלה ב 10 ש""ח","מעלה ב 10 ש""ח",פורש\ת,,"מעלה ב 10 ש""ח","מעלה ב 10 ש""ח",פורש\ת,
"180 ש""ח","80 ש""ח","80 ש""ח","מעלה ב 10 ש""ח","מעלה ב 10 ש""ח","מעלה ב 10 ש""ח",פורש\ת,,"מעלה ב 10 ש""ח","מעלה ב 10 ש""ח","מעלה ב 10 ש""ח",פורש\ת
"160 ש""ח","80 ש""ח","40 ש""ח","מעלה ב 10 ש""ח","מעלה ב 10 ש""ח","מעלה ב 10 ש""ח",פורש\ת,,"מעלה ב 10 ש""ח",פורש\ת,,
"160 ש""ח","100 ש""ח","100 ש""ח","מעלה ב 10 ש""ח","מעלה ב 10 ש""ח","מעלה ב 10 ש""ח",,פורש\ת,"מעלה ב 10 ש""ח","מעלה ב 10 ש""ח","מעלה ב 10 ש""ח","מעלה ב 10 ש""ח"
"120 ש""ח","70 ש""ח","100 ש""ח",פורש\ת,פורש\ת,,,,"מעלה ב 10 ש""ח","מעלה ב 10 ש""ח","מעלה ב 10 ש""ח","מעלה ב 10 ש""ח"
"120 ש""ח","80 ש""ח","80 ש""ח","מעלה ב 10 ש""ח","מעלה ב 10 ש""ח",פורש\ת,,,"מעלה ב 10 ש""ח","מעלה ב 10 ש""ח","מעלה ב 10 ש""ח","מעלה ב 10 ש""ח"
"120 ש""ח","80 ש""ח","40 ש""ח","מעלה ב 10 ש""ח","מעלה ב 10 ש""ח","מעלה ב 10 ש""ח",פורש\ת,,"מעלה ב 10 ש""ח","מעלה ב 10 ש""ח",פורש\ת,
"120 ש""ח","70 ש""ח","60 ש""ח",פורש\ת,"מעלה ב 10 ש""ח","מעלה ב 10 ש""ח",פורש\ת,,"מעלה ב 10 ש""ח","מעלה ב 10 ש""ח","מעלה ב 10 ש""ח",פורש\ת
"180 ש""ח","80 ש""ח","40 ש""ח",פורש\ת,פורש\ת,,,,פורש\ת,,,
"180 ש""ח","100 ש""ח","100 ש""ח","מעלה ב 10 ש""ח","מעלה ב 10 ש""ח","מעלה ב 10 ש""ח","מעלה ב 10 ש""ח","מעלה ב 10 ש""ח","מעלה ב 10 ש""ח","מעלה ב 10 ש""ח","מעלה ב 10 ש""ח","מעלה ב 10 ש""ח"
"160 ש""ח","80 ש""ח","60 ש""ח",פורש\ת,"מעלה ב 10 ש""ח","מעלה ב 10 ש""ח",פורש\ת,,"מעלה ב 10 ש""ח",פורש\ת,,
"120 ש""ח","90 ש""ח","60 ש""ח",פורש\ת,"מעלה ב 10 ש""ח","מעלה ב 10 ש""ח",פורש\ת,,"מעלה ב 10 ש""ח",פורש\ת,,
"120 ש""ח","90 ש""ח","60 ש""ח",פורש\ת,פורש\ת,,,,פורש\ת,,,
"160 ש""ח","100 ש""ח","100 ש""ח","מעלה ב 10 ש""ח","מעלה ב 10 ש""ח","מעלה ב 10 ש""ח","מעלה ב 10 ש""ח",פורש\ת,"מעלה ב 10 ש""ח","מעלה ב 10 ש""ח","מעלה ב 10 ש""ח","מעלה ב 10 ש""ח"
"180 ש""ח","90 ש""ח","80 ש""ח","מעלה ב 10 ש""ח","מעלה ב 10 ש""ח","מעלה ב 10 ש""ח","מעלה ב 10 ש""ח",פורש\ת,"מעלה ב 10 ש""ח","מעלה ב 10 ש""ח","מעלה ב 10 ש""ח",פורש\ת
"140 ש""ח","80 ש""ח","60 ש""ח","מעלה ב 10 ש""ח","מעלה ב 10 ש""ח","מעלה ב 10 ש""ח",פורש\ת,,"מעלה ב 10 ש""ח","מעלה ב 10 ש""ח",פורש\ת,
"120 ש""ח","70 ש""ח","40 ש""ח",פורש\ת,"מעלה ב 10 ש""ח","מעלה ב 10 ש""ח",פורש\ת,,"מעלה ב 10 ש""ח",פורש\ת,,
"160 ש""ח","80 ש""ח","80 ש""ח","מעלה ב 10 ש""ח","מעלה ב 10 ש""ח","מעלה ב 10 ש""ח",פורש\ת,,"מעלה ב 10 ש""ח","מעלה ב 10 ש""ח","מעלה ב 10 ש""ח",פורש\ת
"180 ש""ח","90 ש""ח","100 ש""ח","מעלה ב 10 ש""ח","מעלה ב 10 ש""ח","מעלה ב 10 ש""ח","מעלה ב 10 ש""ח",פורש\ת,"מעלה ב 10 ש""ח","מעלה ב 10 ש""ח","מעלה ב 10 ש""ח","מעלה ב 10 ש""ח"
